Rank;Prev;Diff;Rider;Team;Points;Date_of_birth;Nationality;Weight;Height;PCS_points;One_dav_races;GC;Time_trial;Sprint;Cimber
1;1;;Pogačar Tadej;UAE Team Emirates;3309;21st September 1998;Slovenia;66;1.76;3309;4490;5194;1837;226;7346
2;2;;Evenepoel Remco;Soudal - Quick Step;2843;25th January 2000;Belgium;61;1.71;2843;2254;3184;2759;120;3387
3;3;;Vingegaard Jonas;Jumbo-Visma;2715;10th December 1996;Denmark;60;1.75;2715;320;3681;1352;129;3984
4;4;;Roglič Primož;Jumbo-Visma;2526;29th October 1989;Slovenia;65;1.77;2526;1862;7084;4896;163;8408
5;5;;Philipsen Jasper;Alpecin - Deceuninck;2152;2nd March 1998;Belgium;75;1.76;2152;3278;349;152;4468;1386
6;6;;van Aert Wout;Jumbo-Visma;2060;15th September 1994;Belgium;78;1.90;2060;6810;1091;2586;1882;4133
7;7;;Pedersen Mads;Trek - Segafredo;2009;18th December 1995;Denmark;70;1.80;2009;3101;1038;1457;2358;1860
8;8;;Yates Adam;UAE Team Emirates;1947;7th August 1992;Great Britain;58;1.73;1947;2261;5882;1018;130;7292
9;9;;Hirschi Marc;UAE Team Emirates;1817;24th August 1998;Switzerland;61;1.74;1817;3080;1101;278;62;2574
10;10;;De Lie Arnaud;Lotto Dstny;1723;16th March 2002;Belgium;78;1.82;1723;2785;90;1;1003;708
11;11;;van der Poel Mathieu;Alpecin - Deceuninck;1719;19th January 1995;Netherlands;75;1.84;1719;5602;984;906;1424;2474
12;12;;Skjelmose Mattias;Trek - Segafredo;1595;26th September 2000;Denmark;65;1.80;1595;858;1425;652;118;1776
13;13;;Almeida João;UAE Team Emirates;1478;5th August 1998;Portugal;63;1.78;1478;405;3224;1884;152;3356
14;14;;Kooij Olav;Jumbo-Visma;1471;17th October 2001;Netherlands;72;1.84;1471;948;550;72;2108;328
15;15;;Ganna Filippo;INEOS Grenadiers;1460;25th July 1996;Italy;83;1.93;1460;565;693;4568;326;594
16;16;;Yates Simon;Team Jayco AlUla;1431;7th August 1992;Great Britain;58;1.72;1431;1080;4835;1133;193;6378
17;17;;Bilbao Pello;Bahrain - Victorious;1344;25th February 1990;Spain;60;1.74;1344;1207;3937;989;466;5341
18;18;;Landa Mikel;Bahrain - Victorious;1297;13th December 1989;Spain;61;1.72;1297;965;5425;204;102;6620
19;19;;Mohorič Matej;Bahrain - Victorious;1275;19th October 1994;Slovenia;72;1.86;1275;2615;2033;304;688;2943
20;20;;Laporte Christophe;Jumbo-Visma;1266;11th December 1992;France;76;1.91;1266;3566;785;851;2289;1246
21;21;;Kuss Sepp;Jumbo-Visma;1150;13th September 1994;United States;61;1.82;1150;164;2187;300;42;3181
22;22;;Pinot Thibaut;Groupama - FDJ;1146;29th May 1990;France;63;1.80;1146;1919;6903;1544;170;8798
23;23;;Pidcock Thomas;INEOS Grenadiers;1046;30th July 1999;Great Britain;58;1.70;1046;1675;591;65;200;1772
24;24;;Powless Neilson;EF Education - EasyPost;1042;3rd September 1996;United States;67;1.83;1042;1482;1479;726;280;1858
25;25;;Healy Ben;EF Education - EasyPost;1034;11th September 2000;Ireland;65;1.75;1034;667;217;240;20;578
26;26;;Gall Felix;AG2R Citroën Team;1015;27th February 1998;Austria;66;1.78;1015;209;734;57;2;1170
27;27;;Groves Kaden;Alpecin - Deceuninck;1012;23rd December 1998;Australia;76;1.76;1012;339;201;357;1080;954
28;28;;Costa Rui;Intermarché - Circus - Wanty;1002;5th October 1986;Portugal;69;1.83;1002;4263;6196;1575;618;7210
29;29;;Ciccone Giulio;Trek - Segafredo;1002;20th December 1994;Italy;58;1.76;1002;1111;1238;90;74;3246
30;30;;Jorgenson Matteo;Movistar Team;988;1st July 1999;United States;65;1.90;988;307;982;184;56;1214
31;31;;Vlasov Aleksandr;BORA - hansgrohe;972;23rd April 1996;Russia;68;1.86;972;1248;2883;794;86;3840
32;32;;Madouas Valentin;Groupama - FDJ;971;12th July 1996;France;71;1.79;971;2488;1054;93;136;2311
33;33;;Van Wilder Ilan;Soudal - Quick Step;968;14th May 2000;Belgium;64;1.71;968;309;863;464;18;1046
34;34;;Martin Guillaume;Cofidis;960;9th June 1993;France;55;1.73;960;2091;3325;6;73;4412
35;35;;Hindley Jai;BORA - hansgrohe;956;5th May 1996;Australia;60;1.75;956;353;2642;105;174;2868
36;36;;McNulty Brandon;UAE Team Emirates;934;2nd April 1998;United States;69;1.83;934;607;1598;1461;54;1821
37;37;;Vermeersch Florian;Lotto Dstny;922;12th March 1999;Belgium;85;1.93;922;1138;484;314;428;261
38;38;;Lutsenko Alexey;Astana Qazaqstan Team;916;7th September 1992;Kazakhstan;74;1.74;916;2242;3019;940;972;3314
39;39;;Benoot Tiesj;Jumbo-Visma;908;11th March 1994;Belgium;72;1.90;908;4371;1860;83;842;4150
40;40;;Gaudu David;Groupama - FDJ;906;10th October 1996;France;53;1.72;906;1500;2628;136;19;4067
41;41;;Merlier Tim;Soudal - Quick Step;900;30th October 1992;Belgium;76;1.88;900;2968;79;3;3654;152
42;42;;Küng Stefan;Groupama - FDJ;893;16th November 1993;Switzerland;83;1.93;893;2264;1572;4836;454;1414
43;43;;Groenewegen Dylan;Team Jayco AlUla;891;21st June 1993;Netherlands;70;1.77;891;3475;325;15;7057;554
44;44;;Zingle Axel;Cofidis;888;18th December 1998;France;67;1.73;888;1148;327;145;224;582
45;45;;Ayuso Juan;UAE Team Emirates;882;16th September 2002;Spain;65;1.83;882;475;985;562;2;1444
46;46;;O'Connor Ben;AG2R Citroën Team;880;25th November 1995;Australia;67;1.88;880;353;2352;380;46;2419
47;47;;Rodríguez Carlos;INEOS Grenadiers;873;2nd February 2001;Spain;67;1.83;873;479;1236;233;14;1587
48;48;;Rubio Einer;Movistar Team;857;22nd February 1998;Colombia;56;1.64;857;84;963;48;6;1112
49;49;;Buitrago Santiago;Bahrain - Victorious;845;26th September 1999;Colombia;59;1.74;845;236;943;32;43;1217
50;50;;Woods Michael;Israel - Premier Tech;832;12th October 1986;Canada;64;1.75;832;2906;2206;40;186;5090
51;51;;Bardet Romain;Team DSM;827;9th November 1990;France;65;1.85;827;2983;6109;371;254;8872
52;52;;Mas Enric;Movistar Team;819;7th January 1995;Spain;61;1.77;819;742;3773;591;56;4972
53;53;;Johannessen Tobias Halland;Uno-X Pro Cycling Team;817;23rd August 1999;Norway;62;1.76;817;327;767;51;26;1154
54;54;;Bagioli Andrea;Soudal - Quick Step;816;23rd March 1999;Italy;60;1.76;816;1158;300;108;15;1452
55;55;;Sivakov Pavel;INEOS Grenadiers;805;11th July 1997;France;70;1.88;805;840;1987;484;39;1899
56;56;;Aranburu Alex;Movistar Team;804;19th September 1995;Spain;63;1.78;804;1523;662;220;368;2412
57;57;;Izagirre Ion;Cofidis;773;4th February 1989;Spain;60;1.73;773;1688;5282;2976;168;5458
58;58;;Caruso Damiano;Bahrain - Victorious;768;12th October 1987;Italy;67;1.79;768;835;4392;1256;605;5260
59;59;;Thijssen Gerben;Intermarché - Circus - Wanty;763;21st June 1998;Belgium;74;1.74;763;1267;36;21;1634;12
60;60;;Grégoire Romain;Groupama - FDJ;757;21st January 2003;France;64;1.76;757;337;337;74;31;534
61;61;;Kristoff Alexander;Uno-X Pro Cycling Team;756;5th July 1987;Norway;78;1.83;756;10558;2224;299;9196;3852
62;62;;Tiller Rasmus;Uno-X Pro Cycling Team;755;28th July 1996;Norway;84;1.87;755;1416;251;104;496;374
63;63;;Démare Arnaud;Team Arkéa Samsic;740;26th August 1991;France;76;1.81;740;6381;1518;475;7618;1842
64;64;;Kragh Andersen Søren;Alpecin - Deceuninck;729;10th August 1994;Denmark;73;1.78;729;1403;1271;1791;706;1260
65;65;;Meeus Jordi;BORA - hansgrohe;722;1st July 1998;Belgium;80;1.90;722;1266;81;30;1138;416
66;66;;van Poppel Danny;BORA - hansgrohe;711;26th July 1993;Netherlands;82;1.84;711;3023;583;393;4316;1074
67;67;;Wærenskjold Søren;Uno-X Pro Cycling Team;699;12th March 2000;Norway;92;1.95;699;296;340;482;312;86
68;68;;Welsford Sam;Team DSM;698;19th January 1996;Australia;79;1.80;698;482;180;78;815;26
69;69;;Coquard Bryan;Cofidis;697;25th April 1992;France;59;1.71;697;2856;1147;289;5242;1582
70;70;;Geoghegan Hart Tao;INEOS Grenadiers;695;30th March 1995;Great Britain;65;1.83;695;261;2397;829;100;2378
71;71;;Lampaert Yves;Soudal - Quick Step;694;10th April 1991;Belgium;75;1.80;694;3325;1359;2305;1665;853
72;72;;Mulubrhan Henok;Green Project-Bardiani CSF-Faizanè;691;11th November 1999;Eritrea;60;1.76;691;535;409;61;276;404
73;73;;Ulissi Diego;UAE Team Emirates;682;15th July 1989;Italy;63;1.75;682;4958;4882;1055;899;6882
74;74;;Wellens Tim;UAE Team Emirates;675;10th May 1991;Belgium;71;1.82;675;3409;3828;1140;284;3810
75;75;;Van Gils Maxim;Lotto Dstny;667;25th November 1999;Belgium;63;1.74;667;538;406;21;14;1076
76;76;;Großschartner Felix;UAE Team Emirates;662;23rd December 1993;Austria;64;1.84;662;425;2372;898;200;2118
77;77;;Kron Andreas;Lotto Dstny;662;1st June 1998;Denmark;63;1.77;662;740;439;6;6;1470
78;78;;Menten Milan;Lotto Dstny;653;31st October 1996;Belgium;68;1.74;653;1047;256;43;930;486
79;79;;Kämna Lennard;BORA - hansgrohe;651;9th September 1996;Germany;65;1.81;651;245;914;756;66;1984
80;80;;Molano Juan Sebastián;UAE Team Emirates;649;4th November 1994;Colombia;72;1.80;649;725;259;0;1752;472
81;81;;Strong Corbin;Israel - Premier Tech;646;30th April 2000;New Zealand;64;1.71;646;680;219;30;176;708
82;82;;Thomas Geraint;INEOS Grenadiers;645;25th May 1986;Great Britain;71;1.83;645;1262;6093;5263;909;5526
83;83;;Poels Wout;Bahrain - Victorious;639;1st October 1987;Netherlands;66;1.86;639;1023;4545;916;301;5524
84;84;;Skujiņš Toms;Trek - Segafredo;632;15th June 1991;Latvia;70;1.81;632;1934;867;311;708;1573
85;85;;de Kleijn Arvid;Tudor Pro Cycling Team;625;21st March 1994;Netherlands;68;1.71;625;911;91;4;2104;92
86;86;;Schmid Mauro;Soudal - Quick Step;622;4th December 1999;Switzerland;70;1.87;622;275;691;320;5;953
87;87;;Uijtdebroeks Cian;BORA - hansgrohe;615;28th February 2003;Belgium;68;;615;41;646;72;0;648
88;88;;Rota Lorenzo;Intermarché - Circus - Wanty;603;23rd May 1995;Italy;62;1.73;603;1505;759;23;143;1544
89;90;+1;Ewan Caleb;Lotto Dstny;598;11th July 1994;Australia;69;1.67;598;2472;280;148;5245;1509
90;91;+1;Milan Jonathan;Bahrain - Victorious;597;1st October 2000;Italy;84;1.93;597;63;80;77;404;416
91;89;-2;Matthews Michael;Team Jayco AlUla;593;26th September 1990;Australia;72;1.78;600;6685;832;1642;3278;6736
92;92;;Herrada Jesús;Cofidis;590;26th July 1990;Spain;70;1.83;590;1966;2270;862;461;2864
93;93;;Zana Filippo;Team Jayco AlUla;588;18th March 1999;Italy;65;1.85;588;316;720;29;13;762
94;94;;Stuyven Jasper;Trek - Segafredo;578;17th April 1992;Belgium;78;1.87;578;4273;1153;244;2066;2698
95;95;;van den Berg Marijn;EF Education - EasyPost;577;19th July 1999;Netherlands;73;1.82;577;424;182;49;480;419
96;96;;Alaphilippe Julian;Soudal - Quick Step;573;11th June 1992;France;62;1.73;573;6183;2491;1331;677;7327
97;97;;Penhoët Paul;Groupama - FDJ;573;28th December 2001;France;64;1.73;573;533;88;2;437;168
98;98;;Trentin Matteo;UAE Team Emirates;571;2nd August 1989;Italy;74;1.79;571;4915;712;288;2959;3572
99;99;;Sheffield Magnus;INEOS Grenadiers;570;19th April 2002;United States;74;1.83;570;292;610;627;40;414
100;100;;Jakobsen Fabio;Soudal - Quick Step;558;31st August 1996;Netherlands;78;1.81;558;1773;89;38;3553;351
101;101;;Carapaz Richard;EF Education - EasyPost;554;29th May 1993;Ecuador;62;1.70;554;1183;3164;439;101;4494
102;102;;Teunissen Mike;Intermarché - Circus - Wanty;544;25th August 1992;Netherlands;73;1.84;544;1747;1295;329;1479;996
103;103;;Martinez Lenny;Groupama - FDJ;541;11th July 2003;France;52;1.68;541;271;261;21;0;553
104;104;;Majka Rafał;UAE Team Emirates;539;12th September 1989;Poland;62;1.73;539;1167;5323;869;110;7216
105;105;;De Buyst Jasper;Lotto Dstny;530;24th November 1993;Belgium;72;1.79;530;1625;668;128;1241;679
106;106;;Zimmermann Georg;Intermarché - Circus - Wanty;530;11th October 1997;Germany;70;1.81;530;675;428;0;62;930
107;107;;Carthy Hugh;EF Education - EasyPost;527;9th July 1994;Great Britain;69;1.91;527;265;2622;407;31;2636
108;108;;Rodríguez Cristián;Team Arkéa Samsic;527;3rd March 1995;Spain;56;1.78;527;269;915;36;2;722
109;109;;Lazkano Oier;Movistar Team;527;7th November 1999;Spain;74;1.89;527;233;303;77;43;170
110;110;;Narváez Jhonatan;INEOS Grenadiers;525;4th March 1997;Ecuador;65;1.74;525;827;678;23;264;807
111;111;;Asgreen Kasper;Soudal - Quick Step;521;8th February 1995;Denmark;75;1.92;521;1531;673;2079;334;1322
112;112;;Haig Jack;Bahrain - Victorious;511;6th September 1993;Australia;67;1.90;511;655;2738;299;96;2829
113;113;;Tarling Joshua;INEOS Grenadiers;507;15th February 2004;Great Britain;78;1.94;507;5;120;500;0;10
114;114;;Girmay Biniam;Intermarché - Circus - Wanty;501;2nd April 2000;Eritrea;70;1.84;501;1703;43;90;574;954
115;115;;Cavagna Rémi;Soudal - Quick Step;498;10th August 1995;France;78;1.86;498;432;908;2496;192;700
116;116;;Barguil Warren;Team Arkéa Samsic;497;28th October 1991;France;61;1.83;497;2500;2840;109;212;4794
117;118;+1;Cort Magnus;EF Education - EasyPost;493;16th January 1993;Denmark;68;1.84;493;1032;1049;759;1824;2072
118;119;+1;Burgaudeau Mathieu;TotalEnergies;492;17th November 1998;France;61;1.68;492;634;294;10;26;938
119;120;+1;Theuns Edward;Trek - Segafredo;485;30th April 1991;Belgium;72;1.83;485;2516;620;129;2887;682
120;121;+1;Kwiatkowski Michał;INEOS Grenadiers;485;2nd June 1990;Poland;68;1.76;485;4549;3630;3505;731;5234
121;122;+1;Moschetti Matteo;Q36.5 Pro Cycling Team;483;14th August 1996;Italy;73;1.80;483;833;60;28;1316;247
122;123;+1;Lafay Victor;Cofidis;482;17th January 1996;France;65;1.77;482;479;355;13;25;887
123;124;+1;Mozzato Luca;Team Arkéa Samsic;482;15th February 1998;Italy;67;1.78;482;1280;116;0;1000;456
124;117;-7;Vine Jay;UAE Team Emirates;480;16th November 1995;Australia;69;1.84;495;57;712;319;9;914
125;125;;Velasco Simone;Astana Qazaqstan Team;475;2nd December 1995;Italy;59;1.70;475;1306;335;37;117;1220
126;126;;Paret-Peintre Aurélien;AG2R Citroën Team;475;27th February 1996;France;64;1.84;475;579;1138;133;56;1225
127;127;;Hayter Ethan;INEOS Grenadiers;475;18th September 1998;Great Britain;69;1.78;475;615;1199;983;266;1528
128;128;;Vernon Ethan;Soudal - Quick Step;471;26th August 2000;Great Britain;74;1.88;471;244;82;339;504;222
129;129;;Higuita Sergio;BORA - hansgrohe;470;1st August 1997;Colombia;57;1.66;470;1003;1886;123;79;2746
130;130;;Valter Attila;Jumbo-Visma;468;12th June 1998;Hungary;65;1.85;468;459;855;242;68;1156
131;131;;Gee Derek;Israel - Premier Tech;461;3rd August 1997;Canada;76;1.89;461;65;80;236;38;373
132;132;;Vauquelin Kévin;Team Arkéa Samsic;461;26th April 2001;France;69;1.76;461;237;610;291;46;416
133;133;;Aular Orluis;Caja Rural - Seguros RGA;458;5th November 1996;Venezuela;65;1.76;458;360;234;334;697;482
134;134;;Formolo Davide;UAE Team Emirates;454;25th October 1992;Italy;62;1.81;454;1472;2299;166;129;3326
135;135;;Dunbar Eddie;Team Jayco AlUla;451;1st September 1996;Ireland;57;1.70;451;316;1272;190;98;988
136;136;;Van Eetvelt Lennert;Lotto Dstny;451;17th July 2001;Belgium;63;1.76;451;180;268;81;8;460
137;137;;Kamp Alexander;Tudor Pro Cycling Team;450;14th December 1993;Denmark;74;1.86;450;733;698;87;431;850
138;138;;López Miguel Ángel;Team Medellín - EPM;450;4th February 1994;Colombia;59;1.64;450;381;4054;702;138;4602
139;139;;Engelhardt Felix;Team Jayco AlUla;449;19th August 2000;Germany;68;1.80;449;355;127;0;4;290
140;140;;Poole Max;Team DSM;446;1st March 2003;Great Britain;;1.85;446;0;406;41;5;374
141;141;;Bjerg Mikkel;UAE Team Emirates;445;3rd November 1998;Denmark;78;1.91;445;288;324;1793;133;211
142;142;;Zwiehoff Ben;BORA - hansgrohe;443;22nd February 1994;Germany;61;1.82;443;88;467;40;3;264
143;143;;Cavendish Mark;Astana Qazaqstan Team;439;21st May 1985;Great Britain;70;1.75;439;3067;1472;712;13247;1380
144;144;;Soler Marc;UAE Team Emirates;438;22nd November 1993;Spain;68;1.86;438;262;2165;725;30;3030
145;145;;Sainbayar Jambaljamts;Terengganu Polygon Cycling Team;437;4th September 1996;Mongolia;60;1.72;437;378;391;175;302;258
146;146;;Politt Nils;BORA - hansgrohe;435;6th March 1994;Germany;80;1.92;435;1652;975;1169;452;1034
147;147;;Cosnefroy Benoît;AG2R Citroën Team;434;17th October 1995;France;65;1.79;434;2967;710;167;330;1478
148;148;;García Cortina Iván;Movistar Team;430;20th November 1995;Spain;77;1.83;430;1539;288;110;878;1164
149;149;;Bol Cees;Astana Qazaqstan Team;430;27th July 1995;Netherlands;83;1.94;430;587;529;306;1334;522
150;150;;Gaviria Fernando;Movistar Team;429;19th August 1994;Colombia;71;1.80;429;1809;191;77;4136;1210
151;151;;Teuns Dylan;Israel - Premier Tech;426;1st March 1992;Belgium;64;1.81;426;1792;2616;528;342;3906
152;152;;Fagundez Eric Antonio;Burgos-BH;417;19th August 1998;;;;417;167;141;31;6;70
153;153;;Albanese Vincenzo;EOLO-Kometa;412;12th November 1996;Italy;70;;412;748;299;50;400;1206
154;154;;Bauhaus Phil;Bahrain - Victorious;409;8th July 1994;Germany;71;1.75;409;757;225;1;2427;848
155;155;;Vermaerke Kevin;Team DSM;405;16th October 2000;United States;67;1.84;405;181;343;11;14;416
156;156;;Buchmann Emanuel;BORA - hansgrohe;403;18th November 1992;Germany;59;1.81;403;766;3016;233;62;3214
157;157;;Dainese Alberto;Team DSM;401;25th March 1998;Italy;70;1.80;401;579;183;7;1373;322
158;158;;Van Gestel Dries;TotalEnergies;396;30th September 1994;Belgium;71;1.76;396;1373;238;28;577;374
159;159;;Tulett Ben;INEOS Grenadiers;392;26th August 2001;Great Britain;56;1.87;392;197;622;431;6;453
160;160;;Fortunato Lorenzo;EOLO-Kometa;391;9th May 1996;Italy;57;1.69;391;147;892;0;30;874
161;161;;Berthet Clément;AG2R Citroën Team;389;2nd August 1997;France;68;1.70;389;252;342;17;1;484
162;162;;Konrad Patrick;BORA - hansgrohe;388;13th October 1991;Austria;64;1.84;388;1394;2376;445;336;3474
163;163;;Biermans Jenthe;Team Arkéa Samsic;387;30th October 1995;Belgium;78;1.81;387;766;277;56;218;358
164;164;;Vendrame Andrea;AG2R Citroën Team;386;20th July 1994;Italy;60;1.84;386;1533;407;102;418;2008
165;165;;Page Hugo;Intermarché - Circus - Wanty;384;24th July 2001;France;71;1.68;384;345;127;77;178;356
166;166;;Nizzolo Giacomo;Israel - Premier Tech;383;30th January 1989;Italy;72;1.85;383;4689;564;234;5641;1614
167;167;;Cattaneo Mattia;Soudal - Quick Step;381;25th October 1990;Italy;67;1.84;381;712;1420;1717;138;1656
168;168;;Guerreiro Ruben;Movistar Team;381;6th July 1994;Portugal;65;1.84;381;640;1416;31;218;2259
169;169;;Kelderman Wilco;Jumbo-Visma;375;25th March 1991;Netherlands;65;1.78;375;648;5538;2544;475;5877
170;170;;Vader Milan;Jumbo-Visma;375;18th February 1996;Netherlands;63;1.85;375;10;310;1;12;128
171;171;;Tiberi Antonio;Bahrain - Victorious;375;24th June 2001;Italy;62;1.73;375;125;393;195;2;480
172;174;+2;Jackson George;Bolton Equities Black Spoke;372;20th February 2000;New Zealand;74;1.82;370;45;158;28;351;64
173;172;-1;Onley Oscar;Team DSM;372;13th October 2002;Great Britain;;1.89;372;20;346;13;5;399
174;173;-1;Storer Michael;Groupama - FDJ;370;28th February 1997;Australia;63;1.73;370;399;871;97;120;1138
175;175;;Cepeda Jefferson Alexander;EF Education - EasyPost;367;16th June 1998;Ecuador;56;1.74;367;123;468;84;0;414
176;176;;Adrià Roger;Equipo Kern Pharma;367;18th April 1998;Spain;64;1.64;367;413;264;27;10;502
177;177;;Godon Dorian;AG2R Citroën Team;364;25th May 1996;France;73;1.79;364;1148;331;161;116;1069
178;178;;Fedorov Yevgeniy;Astana Qazaqstan Team;364;16th February 2000;Kazakhstan;80;1.90;364;415;174;87;167;54
179;179;;Ackermann Pascal;UAE Team Emirates;362;17th January 1994;Germany;78;1.93;362;3313;308;68;3469;1338
180;180;;Sepúlveda Eduardo;Lotto Dstny;361;13th June 1991;Argentina;59;1.80;361;523;1409;392;123;859
181;181;;Moniquet Sylvain;Lotto Dstny;361;14th January 1998;Belgium;61;1.73;361;209;444;25;8;542
182;182;;Venturini Clément;AG2R Citroën Team;357;16th October 1993;France;60;1.75;357;1174;470;79;1254;1158
183;184;+1;Mayrhofer Marius;Team DSM;353;18th September 2000;Germany;70;1.65;353;270;45;78;106;277
184;185;+1;Van Moer Brent;Lotto Dstny;351;12th January 1998;Belgium;79;1.82;351;223;396;260;68;262
185;186;+1;Ferron Valentin;TotalEnergies;351;8th February 1998;France;67;1.91;351;557;145;59;9;258
186;187;+1;van Baarle Dylan;Jumbo-Visma;350;21st May 1992;Netherlands;78;1.74;350;2616;1424;1296;613;1423
187;188;+1;Scaroni Christian;Astana Qazaqstan Team;350;16th October 1997;Italy;63;1.89;350;271;237;7;20;602
188;189;+1;Degenkolb John;Team DSM;349;7th January 1989;Germany;82;1.75;349;6318;1196;292;6196;2632
189;190;+1;Sobrero Matteo;Team Jayco AlUla;349;14th May 1997;Italy;63;1.80;349;176;438;1142;30;790
190;191;+1;Castroviejo Jonathan;INEOS Grenadiers;345;27th April 1987;Spain;62;1.77;345;253;2021;4463;74;1282
191;183;-8;Clarke Simon;Israel - Premier Tech;343;18th July 1986;Australia;63;1.71;353;2342;1465;134;1349;2444
192;201;+9;Harper Chris;Team Jayco AlUla;342;23rd November 1994;Australia;67;1.75;325;415;807;218;67;642
193;192;-1;Dujardin Sandy;TotalEnergies;341;29th May 1997;France;;1.85;341;574;64;68;170;209
194;193;-1;Bettiol Alberto;EF Education - EasyPost;339;29th October 1993;Italy;69;1.78;339;1967;671;782;246;1986
195;194;-1;Walscheid Max;Cofidis;337;13th June 1993;Germany;90;1.80;337;1437;255;724;2250;244
196;195;-1;Champoussin Clément;Team Arkéa Samsic;336;29th May 1998;France;61;1.99;336;604;429;71;32;1363
197;196;-1;Williams Stephen;Israel - Premier Tech;333;9th June 1996;Great Britain;59;1.80;333;140;371;5;76;408
198;197;-1;Eekhoff Nils;Team DSM;333;23rd January 1998;Netherlands;75;1.83;333;447;279;222;520;152
199;198;-1;Dupont Timothy;Tarteletto - Isorex;327;1st November 1987;Belgium;72;1.92;327;3441;204;3;5234;227
200;199;-1;Pithie Laurence;Groupama - FDJ;327;17th July 2002;New Zealand;74;1.79;327;398;60;23;265;118
201;200;-1;Sevilla Óscar;Team Medellín - EPM;326;29th September 1976;Spain;62;1.85;326;779;5122;2438;2377;3364
202;202;;Zanoncello Enrico;Green Project-Bardiani CSF-Faizanè;325;2nd August 1997;Italy;64;1.75;325;32;126;0;571;97
203;203;;Leknessund Andreas;Team DSM;322;21st May 1999;Norway;72;1.70;322;181;804;496;4;659
204;204;;Kielich Timo;Alpecin-Deceuninck Development Team;321;5th August 1999;Belgium;73;1.86;321;318;57;11;284;147
205;205;;Howson Damien;Q36.5 Pro Cycling Team;319;13th August 1992;Australia;68;1.85;319;240;1383;642;66;784
206;206;;Askey Lewis;Groupama - FDJ;319;4th May 2001;Great Britain;75;1.88;319;386;59;11;110;184
207;207;;Perez Anthony;Cofidis;318;22nd April 1991;France;70;1.87;318;534;489;265;97;524
208;208;;Bennett Sam;BORA - hansgrohe;316;16th October 1990;Ireland;73;1.90;316;2626;336;105;5738;1314
209;209;;Carr Simon;EF Education - EasyPost;316;29th August 1998;Great Britain;63;1.78;316;267;269;45;0;396
210;210;;Nys Thibau;Trek - Segafredo;316;12th November 2002;Belgium;64;1.83;316;182;125;42;142;254
211;211;;Viviani Elia;INEOS Grenadiers;315;7th February 1989;Italy;67;1.76;315;4975;958;160;7560;2076
212;212;;Denz Nico;BORA - hansgrohe;314;15th February 1994;Germany;71;1.78;314;411;327;298;242;502
213;213;;Goossens Kobe;Intermarché - Circus - Wanty;309;29th April 1996;Belgium;64;1.83;309;346;287;23;25;370
214;214;;Sénéchal Florian;Soudal - Quick Step;307;10th July 1993;France;77;1.78;307;3032;726;202;1638;999
215;215;;Urán Rigoberto;EF Education - EasyPost;305;26th January 1987;Colombia;63;1.79;305;3086;5844;1782;744;7909
216;216;;Van Asbroeck Tom;Israel - Premier Tech;302;19th April 1990;Belgium;72;1.73;302;2790;507;20;3294;581
217;217;;Turgis Anthony;TotalEnergies;298;16th May 1994;France;70;1.82;298;2131;757;183;700;768
218;218;;Van Hooydonck Nathan;Jumbo-Visma;298;12th October 1995;Belgium;78;1.78;298;534;316;297;160;119
219;219;;Armirail Bruno;Groupama - FDJ;298;11th April 1994;France;74;1.92;298;114;527;1045;5;273
220;220;;Berwick Sebastian;Israel - Premier Tech;297;15th December 1999;Australia;59;1.90;297;24;373;5;7;262
221;237;+16;Plapp Luke;INEOS Grenadiers;292;25th December 2000;Australia;72;1.75;277;75;445;205;23;276
222;221;-1;Hagenes Per Strand;Jumbo-Visma Development Team;292;10th July 2003;Norway;;1.81;292;230;63;67;124;90
223;222;-1;Bissegger Stefan;EF Education - EasyPost;290;13th September 1998;Switzerland;78;1.85;290;214;187;1601;117;170
224;223;-1;Hofstetter Hugo;Team Arkéa Samsic;289;13th February 1994;France;65;1.81;289;2656;155;0;2015;542
225;224;-1;Rochas Rémy;Cofidis;289;18th May 1996;France;51;1.70;289;179;609;65;26;518
226;225;-1;Hamza Yacine;Dubai Police Cycling Team;288;18th April 1997;;;1.64;288;317;62;71;763;50
227;226;-1;Soupe Geoffrey;TotalEnergies;287;22nd March 1988;France;70;;287;217;397;150;586;244
228;227;-1;Marit Arne;Intermarché - Circus - Wanty;287;21st January 1999;Belgium;72;;287;616;45;3;501;198
229;228;-1;Donovan Mark;Q36.5 Pro Cycling Team;287;3rd April 1999;Great Britain;70;1.77;287;70;427;69;4;378
230;229;-1;Arensman Thymen;INEOS Grenadiers;285;4th December 1999;Netherlands;68;1.85;285;32;1065;853;18;1158
231;230;-1;Pedersen Casper;Soudal - Quick Step;284;15th March 1996;Denmark;71;1.85;284;397;411;302;322;200
232;231;-1;Ballerini Davide;Soudal - Quick Step;281;21st September 1994;Italy;77;1.92;281;1568;165;133;850;988
233;232;-1;Dinham Matthew;Team DSM;281;9th April 2000;Australia;63;1.86;281;248;140;8;3;184
234;233;-1;Andresen Tobias Lund;Team DSM;281;20th August 2002;Denmark;69;1.83;281;165;15;8;223;170
235;234;-1;Vanmarcke Sep;Israel - Premier Tech;280;28th July 1988;Belgium;77;1.75;280;4870;781;267;1907;1544
236;235;-1;Cras Steff;TotalEnergies;279;13th February 1996;Belgium;65;1.81;279;187;736;43;30;861
237;236;-1;Taminiaux Lionel;Alpecin - Deceuninck;278;21st May 1996;Belgium;74;1.90;278;735;50;23;748;152
238;238;;Beullens Cedric;Lotto Dstny;276;27th January 1997;Belgium;79;1.83;276;451;80;15;292;94
239;239;;Peña Jesús David;Team Jayco AlUla;276;8th May 2000;Colombia;56;1.73;276;14;214;0;1;168
240;240;;Voisard Yannis;Tudor Pro Cycling Team;274;26th July 1998;Switzerland;56;1.90;274;24;270;44;1;209
241;241;;Townsend Rory;Bolton Equities Black Spoke;273;30th June 1995;Ireland;73;1.70;273;406;58;83;430;122
242;242;;Tesson Jason;TotalEnergies;272;9th January 1998;France;59;;272;516;53;0;639;85
243;243;;Træen Torstein;Uno-X Pro Cycling Team;269;16th July 1995;Norway;;;269;106;595;11;49;404
244;244;;Bernal Egan;INEOS Grenadiers;269;13th January 1997;Colombia;60;1.84;269;892;3728;510;118;3900
245;245;;Molard Rudy;Groupama - FDJ;267;17th September 1989;France;62;1.66;267;1265;1568;161;399;2077
246;246;;Tejada Harold;Astana Qazaqstan Team;265;27th April 1997;Colombia;63;1.81;265;74;398;79;10;376
247;247;;Peters Nans;AG2R Citroën Team;262;12th March 1994;France;71;1.75;262;554;364;69;62;659
248;248;;Oliveira Nelson;Movistar Team;261;6th March 1989;Portugal;67;1.78;261;539;1130;3395;50;978
249;249;;Latour Pierre;TotalEnergies;259;12th October 1993;France;66;1.80;259;778;2141;1219;132;3086
250;250;;Louvel Matis;Team Arkéa Samsic;258;19th July 1999;France;73;1.77;258;919;128;67;100;334
251;251;;van Dijke Tim;Jumbo-Visma;258;15th March 2000;Netherlands;74;1.80;258;192;89;187;167;71
252;252;;Meintjes Louis;Intermarché - Circus - Wanty;257;21st February 1992;South Africa;58;1.81;257;664;2946;346;100;3328
253;253;;Dversnes Fredrik;Uno-X Pro Cycling Team;257;20th March 1997;;;1.87;257;202;112;36;30;78
254;254;;Serrano Gonzalo;Movistar Team;256;17th August 1994;Spain;65;1.89;256;638;455;32;134;886
255;255;;Fiorelli Filippo;Green Project-Bardiani CSF-Faizanè;256;19th November 1994;;;1.73;256;412;175;19;451;622
256;256;;Calmejane Lilian;Intermarché - Circus - Wanty;254;6th December 1992;France;70;;254;1043;1270;182;357;1688
257;257;;Calzoni Walter;Q36.5 Pro Cycling Team;254;8th August 2001;Italy;;;254;122;103;0;4;222
258;258;;Frison Frederik;Lotto Dstny;252;28th July 1992;Belgium;84;1.77;252;469;128;279;220;4
259;259;;Einhorn Itamar;Israel - Premier Tech;252;20th September 1997;Israel;72;;252;417;29;30;722;60
260;260;;Aleotti Giovanni;BORA - hansgrohe;251;25th May 1999;Italy;67;;251;344;598;73;10;524
261;261;;Barré Louis;Team Arkéa Samsic;251;6th April 2000;France;68;1.85;251;148;185;0;4;134
262;262;;Ed Doghmy Achraf;Kawkab AC Marrakech;251;19th November 1999;;;1.72;251;232;75;51;586;15
263;263;;Chaves Esteban;EF Education - EasyPost;250;17th January 1990;Colombia;55;1.93;250;1203;3207;225;144;4461
264;264;;Eenkhoorn Pascal;Lotto Dstny;250;8th February 1997;Netherlands;70;1.72;250;489;366;195;282;374
265;265;;Otruba Jakub;ATT Investments;248;30th January 1998;Czech Republic;75;1.80;248;24;408;231;52;219
266;266;;Bennett George;UAE Team Emirates;247;7th April 1990;New Zealand;58;1.84;247;767;3257;246;68;3248
267;267;;Van Avermaet Greg;AG2R Citroën Team;247;17th May 1985;Belgium;74;;247;11649;3787;577;4938;7756
268;268;;Gesbert Élie;Team Arkéa Samsic;243;1st July 1995;France;63;;243;395;758;12;110;884
269;269;;Lipowitz Florian;BORA - hansgrohe;243;21st September 2000;Germany;68;1.64;243;12;195;17;3;170
270;270;;Mollema Bauke;Trek - Segafredo;242;26th November 1986;Netherlands;64;1.85;242;4868;5905;2042;657;9616
271;271;;Hermans Quinten;Alpecin - Deceuninck;242;29th July 1995;Belgium;62;1.90;242;625;612;89;162;920
272;272;;Van Tricht Stan;Soudal - Quick Step;242;20th September 1999;Belgium;64;1.80;242;390;24;21;140;109
273;273;;Bystrøm Sven Erik;Intermarché - Circus - Wanty;241;21st January 1992;Norway;73;1.81;241;758;720;102;409;772
274;274;;Bax Sjoerd;UAE Team Emirates;241;6th January 1996;Netherlands;78;1.81;241;270;295;106;78;272
275;275;;Van de Paar Jarne;Lotto Dstny;237;23rd October 2000;Belgium;79;;237;85;112;0;354;0
276;276;;Sánchez Pelayo;Burgos-BH;237;27th March 2000;Spain;62;1.84;237;105;102;18;0;247
277;277;;Sheehan Riley;Israel - Premier Tech;236;16th June 2000;United States;67;1.74;236;199;25;35;73;40
278;278;;Martínez Daniel Felipe;INEOS Grenadiers;232;25th April 1996;Colombia;63;1.74;232;696;2409;995;34;2260
279;279;;Coté Pier-André;Human Powered Health;230;24th April 1997;Canada;;1.88;230;375;87;58;210;118
280;280;;Vermeersch Gianni;Alpecin - Deceuninck;228;19th November 1992;Belgium;68;1.85;228;1366;228;5;758;637
281;281;;Prodhomme Nicolas;AG2R Citroën Team;227;1st February 1997;France;62;1.87;227;53;317;12;13;330
282;282;;Aniołkowski Stanisław;Human Powered Health;225;20th January 1997;Poland;68;1.77;225;529;237;123;1076;268
283;283;;Mezgec Luka;Team Jayco AlUla;224;27th June 1988;Slovenia;72;1.82;224;1571;545;33;2960;1630
284;284;;Battistella Samuele;Astana Qazaqstan Team;223;14th November 1998;Italy;67;1.72;223;485;483;117;86;713
285;285;;Steinhauser Georg;EF Education - EasyPost;223;21st October 2001;Germany;65;1.81;223;115;125;88;0;192
286;286;;Neilands Krists;Israel - Premier Tech;222;18th August 1994;Latvia;69;1.73;222;678;659;250;223;660
287;287;;Schelling Ide;BORA - hansgrohe;222;6th February 1998;Netherlands;66;1.74;222;430;255;128;57;622
288;288;;Izagirre Gorka;Movistar Team;221;7th October 1987;Spain;66;1.81;221;1407;2350;764;268;2934
289;289;;De Plus Laurens;INEOS Grenadiers;221;4th September 1995;Belgium;67;1.83;221;217;949;366;20;902
290;290;;Tesfatsion Natnael;Trek - Segafredo;219;23rd May 1999;Eritrea;60;1.80;219;354;486;5;201;770
291;291;;Costiou Ewen;Team Arkéa Samsic;218;10th November 2002;France;64;;218;160;91;74;10;122
292;292;;Tivani German Nicolás;Team Corratec - Selle Italia;217;31st October 1995;Argentina;67;1.89;217;349;246;66;640;99
293;293;;Doull Owain;EF Education - EasyPost;214;2nd May 1993;Great Britain;71;1.82;214;637;449;261;475;332
294;294;;Foss Tobias;Jumbo-Visma;214;25th May 1997;Norway;74;1.76;214;95;539;1374;26;489
295;295;;Bonneu Kamiel;Team Flanders - Baloise;213;1st August 1999;Belgium;62;1.89;213;98;178;0;0;196
296;296;;Leitão Iúri;Caja Rural - Seguros RGA;212;3rd July 1998;Portugal;65;1.75;212;0;111;27;250;49
297;297;;Pasqualon Andrea;Bahrain - Victorious;210;2nd January 1988;Italy;68;1.76;210;2729;657;74;2469;1432
298;298;;Stüssi Colin;Team Vorarlberg;210;4th June 1993;Switzerland;68;1.76;210;103;385;62;134;342
299;299;;Vansevenant Mauri;Soudal - Quick Step;210;1st June 1999;Belgium;60;1.81;210;425;585;35;23;808
300;300;;Sagan Peter;TotalEnergies;209;26th January 1990;Slovakia;78;1.84;209;9426;1797;1335;9942;8244
301;301;;Renard Alexis;Cofidis;209;1st June 1999;France;74;1.78;209;243;227;31;243;78
302;302;;Carstensen Lucas;Roojai Online Insurance;206;16th June 1994;Germany;69;1.75;206;55;185;47;1378;70
303;303;;Wright Fred;Bahrain - Victorious;206;13th June 1999;Great Britain;75;1.74;206;371;206;375;122;971
304;304;;Hermans Ben;Israel - Premier Tech;205;8th June 1986;Belgium;72;1.87;205;1612;3434;617;902;2510
305;305;;Rougier-Lagane Christopher;Team MCB;205;24th September 1998;Mauritius;69;1.75;205;72;79;215;23;15
306;306;;Vacek Mathias;Trek - Segafredo;205;12th June 2002;Czech Republic;74;1.82;205;183;149;159;66;78
307;307;;Ghebreigzabhier Amanuel;Trek - Segafredo;204;17th August 1994;Eritrea;68;1.86;204;504;557;200;288;686
308;308;;Taaramäe Rein;Intermarché - Circus - Wanty;203;24th April 1987;Estonia;68;1.75;203;737;2948;1508;554;2408
309;309;;Watson Samuel;Groupama - FDJ;203;24th September 2001;Great Britain;68;1.84;203;207;69;64;114;110
311;311;;Wallin Rasmus Bøgh;Restaurant Suri - Carl Ras;201;2nd January 1996;Denmark;78;;201;219;137;41;447;28
312;312;;Kirsch Alex;Trek - Segafredo;199;12th June 1992;Luxembourg;78;1.88;199;483;363;627;516;380
313;313;;Meijers Jeroen;Terengganu Polygon Cycling Team;197;12th January 1993;Netherlands;68;1.87;197;261;636;34;486;416
314;314;;Bou Joan;Euskaltel - Euskadi;196;16th January 1997;;;1.86;196;18;292;7;20;208
315;315;;Fedeli Alessandro;Q36.5 Pro Cycling Team;194;2nd March 1996;Italy;65;1.86;194;479;95;25;182;523
316;316;;Prades Benjamín;JCL Team UKYO;193;26th October 1983;Spain;56;1.81;193;285;725;88;390;688
317;317;;Mareczko Jakub;Alpecin - Deceuninck;193;30th April 1994;Italy;67;1.95;193;470;381;20;4432;100
318;318;;Koishi Yuma;JCL Team UKYO;193;15th September 1993;Japan;62;1.94;193;112;148;107;107;46
319;319;;Kanter Max;Movistar Team;193;22nd October 1997;Germany;68;1.81;193;471;203;32;954;418
320;320;;Herregodts Rune;Intermarché - Circus - Wanty;193;27th July 1998;Belgium;70;;193;382;151;282;156;264
321;321;;Fisher-Black Finn;UAE Team Emirates;193;21st December 2001;New Zealand;73;;193;25;230;293;17;325
322;322;;Mihkels Madis;Intermarché - Circus - Wanty;193;31st May 2003;Estonia;75;1.76;193;221;47;72;145;92
323;323;;Dennis Rohan;Jumbo-Visma;192;28th May 1990;Australia;72;1.68;192;50;2793;6340;178;1792
324;324;;Ťoupalík Adam;Elkov - Kasper;191;9th May 1996;;;1.69;191;245;190;227;142;387
325;325;;Stewart Mark;Bolton Equities Black Spoke;191;25th August 1995;Great Britain;70;1.75;191;135;199;14;38;184
326;326;;Safarzadeh Saeid;Tianyoude Hotel Cycling Team;190;21st September 1985;Iran;66;1.76;190;116;317;112;154;212
327;327;;Bouwman Koen;Jumbo-Visma;190;2nd December 1993;Netherlands;60;1.81;190;146;782;446;66;822
328;328;;Maestri Mirco;EOLO-Kometa;189;26th October 1991;Italy;73;1.89;189;176;292;129;299;240
329;329;;Dewulf Stan;AG2R Citroën Team;189;20th December 1997;Belgium;74;1.84;189;713;382;65;358;371
330;330;;Mühlberger Gregor;Movistar Team;188;4th April 1994;Austria;64;1.82;188;710;736;233;335;1043
331;331;;Batsaikhan Tegsh-bayar;Roojai Online Insurance;187;1st June 1998;;;;187;52;108;105;120;16
332;332;;Knox James;Soudal - Quick Step;186;4th November 1995;Great Britain;58;;186;131;1119;52;26;950
333;333;;Campenaerts Victor;Lotto Dstny;183;28th October 1991;Belgium;68;1.80;183;729;886;3140;330;686
334;335;+1;Busatto Francesco;Circus - ReUz - Technord;183;1st November 2002;Italy;62;1.78;183;202;19;2;10;193
335;336;+1;Barta Will;Movistar Team;182;4th January 1996;United States;61;1.78;182;59;309;603;16;243
336;334;-2;van Engelen Adne;Roojai Online Insurance;181;16th March 1993;Netherlands;51;1.85;183;8;471;49;112;280
337;337;;Consonni Simone;Cofidis;181;12th September 1994;Italy;60;1.76;181;1390;298;25;1192;993
338;338;;Gloag Thomas;Jumbo-Visma;180;13th September 2001;Great Britain;60;1.80;180;58;177;0;4;258
339;339;;Swift Connor;INEOS Grenadiers;178;30th October 1995;Great Britain;75;;178;634;553;294;182;368
340;340;;Vargas Walter;Team Medellín - EPM;177;16th April 1992;;;;177;45;56;719;5;25
341;341;;Bregnhøj Mathias;Leopard TOGT Pro Cycling;176;11th November 1995;Denmark;63;1.73;176;59;195;59;28;127
342;342;;Gallopin Tony;Lotto Dstny;175;24th May 1988;France;69;1.73;175;3129;2384;1086;1266;3870
343;343;;Sexton Tom;Bolton Equities Black Spoke;175;19th November 1998;New Zealand;71;1.72;175;171;26;159;20;16
344;344;;Canal Carlos;Euskaltel - Euskadi;174;28th June 2001;Spain;70;1.80;174;176;63;62;105;236
345;345;;Castrillo Pablo;Equipo Kern Pharma;174;2nd January 2001;Spain;74;1.65;174;11;139;5;0;86
346;346;;Boasson Hagen Edvald;TotalEnergies;173;17th May 1987;Norway;75;1.65;173;4386;3641;2927;5978;4134
347;347;;Geniets Kevin;Groupama - FDJ;173;9th January 1997;Luxembourg;73;1.81;173;440;306;214;62;340
348;348;;Laurance Axel;Alpecin-Deceuninck Development Team;173;13th April 2001;France;66;1.90;173;292;65;38;65;375
349;349;;Brambilla Gianluca;Q36.5 Pro Cycling Team;172;22nd August 1987;Italy;57;;172;1502;1677;148;476;3289
350;350;;Shaw James;EF Education - EasyPost;171;13th June 1996;Great Britain;63;;171;108;485;108;44;504
351;351;;Juaristi Txomin;Euskaltel - Euskadi;171;20th July 1995;SpainWe;.5;1.80;171;44;216;205;9;178
352;352;;Brussenskiy Gleb;Astana Qazaqstan Team;170;18th April 2000;Kazakhstan;64;1.81;170;207;11;16;178;76
353;353;;Simmons Quinn;Trek - Segafredo;170;8th May 2001;United States;72;1.83;170;321;361;4;87;530
354;354;;de Bod Stefan;EF Education - EasyPost;169;17th November 1996;South Africa;66;1.79;169;148;421;682;21;274
355;355;;Oliveira Rui;UAE Team Emirates;169;5th September 1996;Portugal;66;1.83;169;393;130;10;300;368
356;356;;Bouchard Geoffrey;AG2R Citroën Team;168;1st April 1992;France;63;1.80;168;131;692;13;2;840
357;360;+3;Hamilton Chris;Team DSM;167;18th May 1995;Australia;70;1.93;166;154;758;74;13;693
358;357;-1;Oliveira Ivo;UAE Team Emirates;167;5th September 1996;Portugal;68;;167;55;175;327;55;128
359;358;-1;Sosa Iván Ramiro;Movistar Team;167;31st October 1997;Colombia;52;1.70;167;216;1477;1;7;1108
360;359;-1;Arndt Nikias;Bahrain - Victorious;166;18th November 1991;GermanyWe;.5;1.79;166;867;729;966;1172;1448
361;361;;Baldaccini Davide;Team Corratec - Selle Italia;166;22nd May 1998;Italy;;1.82;166;1;134;0;14;80
362;362;;Ghys Robbe;Alpecin - Deceuninck;165;11th January 1997;Belgium;72;1.78;165;194;110;2;277;76
363;363;;van Uden Casper;Team DSM;165;22nd July 2001;Netherlands;;1.85;165;282;34;15;414;30
364;364;;Piccoli James;China Glory Continental Cycling Team;164;5th September 1991;Canada;65;1.83;164;88;745;297;28;538
365;365;;Marcellusi Martin;Green Project-Bardiani CSF-Faizanè;164;5th April 2000;Italy;62;1.83;164;169;59;3;30;224
366;366;;Budyak Anatoliy;Terengganu Polygon Cycling Team;163;29th September 1995;Ukraine;53;1.77;163;240;412;58;224;434
367;367;;Marukhin Daniil;Vino SKO Team;163;13th February 1999;Kazakhstan;63;1.78;163;90;80;96;143;68
368;368;;Kuzmin Anton;Almaty Astana Motors;162;20th November 1996;Kazakhstan;66;1.85;162;59;120;97;110;118
369;369;;Schultz Nick;Israel - Premier Tech;161;13th September 1994;Australia;68;1.68;161;335;725;65;101;1088
370;403;+33;Gate Aaron;Bolton Equities Black Spoke;161;26th November 1990;New Zealand;71;1.87;151;226;426;354;416;304
371;370;-1;Zeits Andrey;Astana Qazaqstan Team;161;14th December 1986;Kazakhstan;73;1.76;161;364;1602;125;162;745
372;371;-1;Osborne Jason;Alpecin - Deceuninck;161;20th March 1994;Germany;70;1.82;161;40;133;80;0;134
373;376;+3;Walsh Liam;Team BridgeLane;161;29th May 2001;Australia;80;1.81;160;184;5;0;7;0
374;372;-2;Edmondson Alex;Team DSM;160;22nd December 1993;Australia;75;1.78;160;187;262;557;248;178
375;373;-2;Haller Marco;BORA - hansgrohe;160;1st April 1991;Austria;72;1.72;160;1087;594;43;783;498
376;374;-2;Oldani Stefano;Alpecin - Deceuninck;160;10th January 1998;Italy;65;1.69;160;469;226;36;178;870
377;375;-2;Riccitello Matthew;Israel - Premier Tech;160;5th March 2002;United States;55;1.80;160;14;154;80;8;173
378;377;-1;Houle Hugo;Israel - Premier Tech;159;27th September 1990;Canada;72;1.86;159;691;925;641;216;890
379;378;-1;Rex Laurenz;Intermarché - Circus - Wanty;159;15th December 1999;Belgium;82;1.80;159;222;30;2;114;138
380;379;-1;Verona Carlos;Movistar Team;158;4th November 1992;Spain;68;1.81;158;457;1240;21;38;1193
381;380;-1;Vervaeke Louis;Soudal - Quick Step;158;6th October 1993;Belgium;68;1.89;158;318;485;175;28;466
382;381;-1;Guernalec Thibault;Team Arkéa Samsic;158;31st July 1997;France;71;1.78;158;46;373;660;28;105
383;382;-1;Turner Ben;INEOS Grenadiers;158;28th May 1999;Great Britain;74;1.82;158;361;99;56;80;200
384;383;-1;López Jordi;Equipo Kern Pharma;158;14th August 1998;Spain;59;1.83;158;55;122;5;6;104
385;384;-1;Pellizzari Giulio;Green Project-Bardiani CSF-Faizanè;158;21st November 2003;;;1.78;158;41;80;28;0;162
386;385;-1;Dyball Benjamin;Victoire Hiroshima;157;20th April 1989;Australia;63;1.78;157;375;993;255;77;435
387;386;-1;Gruzdev Dmitriy;Astana Qazaqstan Team;157;13th March 1986;Kazakhstan;78;1.72;157;578;754;563;278;37
388;387;-1;Arashiro Yukiya;Bahrain - Victorious;157;22nd September 1984;Japan;64;1.83;157;1684;1192;120;1042;628
389;388;-1;Allegaert Piet;Cofidis;157;20th January 1995;Belgium;70;1.93;157;1182;111;140;746;318
390;389;-1;Badilatti Matteo;Q36.5 Pro Cycling Team;157;30th July 1992;Switzerland;62;1.86;157;49;591;54;3;531
391;390;-1;El Arbaoui Adil;AVC Khourigba;157;15th February 1995;;;1.81;157;138;94;70;480;22
392;391;-1;Amari Hamza;Q36.5 Continental Team;157;2nd October 2002;;;1.85;157;117;95;12;130;10
393;392;-1;Jang Kyung-Gu;Eumseong gu Office;155;29th May 1990;;;1.94;155;299;70;164;174;72
394;394;;Quinn Sean;EF Education - EasyPost;155;10th May 2000;United States;67;1.70;155;76;215;60;7;310
395;395;;Le Gac Olivier;Groupama - FDJ;154;27th August 1993;France;70;;154;652;380;4;200;195
396;396;;Bizkarra Mikel;Euskaltel - Euskadi;154;21st August 1989;Spain;53;;154;191;892;12;22;900
397;397;;Rutsch Jonas;EF Education - EasyPost;154;24th January 1998;Germany;82;1.82;154;261;255;149;46;134
398;398;;López Juan Pedro;Trek - Segafredo;154;31st July 1997;Spain;60;1.85;154;49;615;17;2;528
399;399;;Banaszek Norbert;HRE Mazowsze Serce Polski;153;18th June 1997;Poland;75;1.70;153;46;142;48;362;46
400;400;;Jungels Bob;BORA - hansgrohe;152;22nd September 1992;Luxembourg;70;1.81;152;1165;2559;2687;332;2540
401;401;;Lamperti Luke;Trinity Racing;152;31st December 2002;United States;74;1.78;152;27;50;60;228;132
402;402;;De Bondt Dries;Alpecin - Deceuninck;151;4th July 1991;Belgium;73;;151;1457;256;1;1126;304
403;393;-10;Morey Drew;Kinan Cycling Team;151;27th November 1996;;;;155;208;206;20;30;203
404;404;;Tonelli Alessandro;Green Project-Bardiani CSF-Faizanè;150;29th May 1992;Italy;64;;150;179;151;8;82;351
405;405;;Malucelli Matteo;Bingoal WB;150;20th October 1993;Italy;68;;150;140;35;36;1677;148
406;406;;Cardis Romain;St Michel - Mavic - Auber93;149;12th August 1992;France;72;;149;639;140;36;689;216
407;407;;Van Lerberghe Bert;Soudal - Quick Step;149;29th September 1992;Belgium;83;1.87;149;1171;131;48;1342;82
408;408;;Eiking Odd Christian;EF Education - EasyPost;149;28th December 1994;Norway;75;1.80;149;705;1041;55;177;1351
409;409;;Syritsa Gleb;Astana Qazaqstan Team;149;14th April 2000;Russia;85;1.65;149;50;11;36;516;67
410;410;;Heiduk Kim;INEOS Grenadiers;148;3rd March 2000;Germany;70;1.97;148;96;87;45;90;62
411;411;;Tizza Marco;Bingoal WB;147;6th February 1992;Italy;58;1.70;147;740;212;23;211;623
412;412;;Rasch Jesper;ABLOC CT;147;22nd March 1998;Netherlands;71;1.89;147;62;73;0;320;30
413;413;;McLay Daniel;Team Arkéa Samsic;146;3rd January 1992;Great Britain;72;1.89;146;1205;215;100;2262;192
414;414;;Affini Edoardo;Jumbo-Visma;146;24th June 1996;Italy;80;1.80;146;132;197;1238;200;63
415;415;;Raileanu Cristian;Hengxiang Cycling Team;145;24th January 1993;Romania;63;1.85;145;154;619;245;186;374
416;416;;Gidich Yevgeniy;Astana Qazaqstan Team;145;19th May 1996;Kazakhstan;69;;145;469;498;20;992;372
417;417;;Pozzovivo Domenico;Israel - Premier Tech;144;30th November 1982;Italy;53;1.76;144;2628;6326;819;709;7662
418;418;;Bonifazio Niccolò;Intermarché - Circus - Wanty;143;29th October 1993;Italy;72;1.71;143;1619;415;48;2342;934
419;419;;Lecerf William Junior;Soudal - Quick-Step Devo Team;142.2;15th October 2002;Belgium;54;1.81;142;43;83;12;0;170
420;420;;de la Cruz David;Astana Qazaqstan Team;142;6th May 1989;Spain;66;1.90;142;129;2446;912;42;2722
421;421;;Díaz José Manuel;Burgos-BH;142;18th January 1995;Spain;64;1.81;142;142;393;0;6;462
422;422;;Covi Alessandro;UAE Team Emirates;142;28th September 1998;Italy;66;;142;724;172;5;30;898
423;423;;Jegat Jordan;CIC U Nantes Atlantique;142;7th June 1999;France;59;1.84;142;100;57;4;1;110
424;424;;Oka Atsushi;JCL Team UKYO;140;3rd September 1995;Japan;57;1.73;140;30;114;297;59;136
425;425;;Blikra Erlend;Uno-X Pro Cycling Team;140;11th January 1997;Norway;75;1.78;140;165;3;36;520;36
426;426;;White Conor;Austin Aviators;140;19th October 1999;Bermuda;79;1.87;140;84;0;160;25;0
427;427;;Teugels Lennert;Bingoal WB;139;9th April 1993;Belgium;64;1.90;139;269;281;12;120;288
428;428;;Cahyadi Aiman;Terengganu Polygon Cycling Team;139;16th November 1993;Indonesia;52;1.76;139;223;97;95;206;94
429;429;;Fretin Milan;Team Flanders - Baloise;139;19th March 2001;Belgium;70;1.79;139;148;17;15;296;33
430;430;;Sbaragli Kristian;Alpecin - Deceuninck;137;8th May 1990;Italy;74;1.65;137;1848;486;0;1513;1414
431;431;;Naesen Oliver;AG2R Citroën Team;137;16th September 1990;Belgium;74;1.76;137;3969;1343;49;1254;1988
432;432;;Smith Dion;Intermarché - Circus - Wanty;137;3rd March 1993;New Zealand;67;1.69;137;1082;759;71;796;1230
433;433;;Caicedo Jonathan Klever;EF Education - EasyPost;137;28th April 1993;Ecuador;62;1.82;137;275;378;144;112;406
434;434;;Trarieux Julien;China Glory Continental Cycling Team;136;19th August 1992;France;71;1.77;136;145;138;38;138;154
435;435;;García Pierna Raúl;Equipo Kern Pharma;136;23rd February 2001;Spain;67;1.80;136;36;126;82;6;140
436;436;;Milesi Lorenzo;Team DSM;136;19th March 2002;Italy;70;1.76;136;33;43;93;1;51
437;437;;Christophersen Cedrik Bakke;Team Coop - Repsol;136;11th December 2001;;;1.63;136;4;127;0;18;64
438;438;;Conci Nicola;Alpecin - Deceuninck;135;5th January 1997;Italy;68;1.86;135;290;495;8;117;592
439;439;;Martín Gotzon;Euskaltel - Euskadi;135;15th February 1996;;;1.93;135;298;130;0;86;349
440;440;;Barrenetxea Jon;Caja Rural - Seguros RGA;135;20th April 2000;Spain;74;1.75;135;69;72;5;5;164
441;441;;Earle Nathan;JCL Team UKYO;134;4th June 1988;Australia;70;1.69;134;223;623;94;232;454
442;442;;Pronskiy Vadim;Astana Qazaqstan Team;134;4th June 1998;Kazakhstan;58;1.82;134;37;543;48;17;408
443;443;;Hopkins Kaden;Vendée U ;134;24th March 2000;Bermuda;67;1.75;134;60;0;235;24;10
444;444;;Pluimers Rick;Tudor Pro Cycling Team;134;7th December 2000;Netherlands;67;1.84;134;114;44;82;86;177
445;445;;Morgado António;Hagens Berman Axeon;134;28th January 2004;;;1.79;134;81;42;0;5;60
446;446;;Wandahl Frederik;BORA - hansgrohe;132;9th May 2001;Denmark;61;1.64;132;157;104;1;6;170
447;447;;Pöstlberger Lukas;Team Jayco AlUla;131;10th January 1992;Austria;70;1.83;131;656;264;331;303;368
448;448;;Fortin Filippo;Maloja Pushbikers;131;1st February 1989;Italy;78;1.75;131;301;85;121;1716;122
449;449;;Dalla Valle Nicolas;Team Corratec - Selle Italia;131;13th September 1997;Italy;73;1.80;131;39;40;172;300;168
450;450;;Finé Eddy;Cofidis;131;20th November 1997;France;70;;131;194;60;0;34;114
451;451;;Koch Jonas;BORA - hansgrohe;130;25th June 1993;Germany;75;;130;586;330;36;410;530
452;452;;Conti Valerio;Team Corratec - Selle Italia;129;30th March 1993;Italy;61;1.85;129;551;854;258;136;1196
453;453;;Flynn Sean;Team DSM;129;2nd March 2000;Great Britain;67;;129;89;57;12;76;83
454;454;;Piganzoli Davide;EOLO-Kometa;129;8th July 2002;Italy;61;;129;55;95;27;2;134
455;455;;Tzortzakis Polychronis;Roojai Online Insurance;128;3rd January 1989;Greece;80;1.88;128;212;178;370;502;43
456;456;;Tratnik Jan;Jumbo-Visma;128;23rd February 1990;Slovenia;67;1.80;128;792;720;1656;646;946
457;457;;Fuglsang Jakob;Israel - Premier Tech;128;22nd March 1985;Denmark;65;1.73;128;3571;6573;1677;624;7341
458;458;;Hamilton Lucas;Team Jayco AlUla;128;12th February 1996;Australia;71;1.77;128;380;1063;84;169;1130
459;459;;Reguigui Youcef;Terengganu Polygon Cycling Team;127;9th January 1990;Algeria;69;1.80;127;780;535;165;2022;352
460;460;;Masnada Fausto;Soudal - Quick Step;127;6th November 1993;Italy;65;;127;670;1533;178;67;1510
461;461;;Gautherat Pierre;AG2R Citroën Team;127;16th January 2003;France;70;;127;133;5;50;81;24
462;462;;de Vries Hartthijs;TDT-Unibet Cycling Team;126;11th July 1996;Netherlands;66;1.78;126;142;83;12;274;52
463;463;;Stewart Jake;Groupama - FDJ;126;2nd October 1999;Great Britain;66;1.82;126;411;364;28;244;426
464;464;;Gilmore Brady;Israel - Premier Tech;126;14th April 2001;Australia;70;1.83;126;200;0;0;2;9
465;465;;Liepiņš Emīls;Trek - Segafredo;125;29th October 1992;Latvia;67;;125;658;256;205;1420;121
466;466;;Paret-Peintre Valentin;AG2R Citroën Team;125;14th January 2001;France;52;;125;46;76;0;4;170
467;467;;Scotson Callum;Team Jayco AlUla;124;10th August 1996;Australia;77;1.80;124;22;228;71;38;137
468;468;;Jasim Al-Ali Abdulla;Al Wathba Cycling Team;124;17th January 2003;;;1.87;124;96;18;3;18;15
469;469;;Elissonde Kenny;Trek - Segafredo;123;22nd July 1991;France;52;1.72;123;275;1221;27;38;1612
470;470;;Abrahamsen Jonas;Uno-X Pro Cycling Team;123;20th September 1995;Norway;78;1.77;123;62;87;11;130;74
471;471;;Norsgaard Mathias;Movistar Team;123;5th May 1997;Denmark;81;1.74;123;130;91;482;130;3
472;472;;Vanhoucke Harm;Lotto Dstny;122;17th June 1997;Belgium;65;1.86;122;98;673;73;56;782
473;473;;Schachmann Maximilian;BORA - hansgrohe;121;9th January 1994;Germany;70;1.73;121;1331;1727;1381;140;2674
474;474;;Pacher Quentin;Groupama - FDJ;121;6th January 1992;France;62;1.81;121;706;852;84;266;1509
475;475;;Langellotti Victor;Burgos-BH;121;7th June 1995;Monaco;64;1.84;121;48;60;20;1;206
476;476;;Lapeira Paul;AG2R Citroën Team;121;25th May 2000;France;64;1.72;121;157;56;29;66;65
477;477;;Lemmen Bart;Human Powered Health;121;14th October 1995;;;1.82;121;70;92;91;26;79
478;478;;Stites Tyler;Project Echelon Racing;120;18th March 1998;United States;60;1.77;120;37;97;164;98;108
479;479;;Bais Davide;EOLO-Kometa;120;2nd April 1998;Italy;66;1.84;120;67;100;22;13;176
480;480;;Zijlaard Maikel;Tudor Pro Cycling Team;120;1st June 1999;Netherlands;73;1.79;120;111;36;255;198;28
481;481;;Sessler Nícolas;Global 6 Cycling;120;29th April 1994;Brazil;58;;120;121;20;0;7;24
482;482;;Labib Shotorban Ali;Mes Sungun - Azad;120;21st September 2002;Iran;60;1.75;120;106;12;5;86;15
483;483;;Rickaert Jonas;Alpecin - Deceuninck;119;7th February 1994;Belgium;88;1.76;119;778;183;119;660;38
484;484;;Warlop Jordi;Soudal - Quick-Step Devo Team;119;4th June 1996;Belgium;72;1.83;119;541;23;0;386;216
485;485;;Sweeny Harry;Lotto Dstny;119;9th July 1998;Australia;75;;119;112;138;69;63;232
486;486;;Braet Vito;Team Flanders - Baloise;119;2nd November 2000;Belgium;68;;119;137;21;6;150;38
487;487;;Double Paul;Human Powered Health;119;25th June 1996;Great Britain;56;1.69;119;52;251;4;20;183
488;488;;Boivin Guillaume;Israel - Premier Tech;118;25th May 1989;Canada;78;1.83;118;1380;442;152;1438;309
489;489;;Gregaard Jonas;Uno-X Pro Cycling Team;118;30th July 1996;Denmark;66;2.02;118;135;448;39;108;384
490;490;;Honoré Mikkel Frølich;EF Education - EasyPost;118;21st January 1997;Denmark;68;1.81;118;910;437;113;93;1018
491;491;;Babor Daniel;Caja Rural - Seguros RGA;118;22nd October 1999;Czech Republic;79;1.83;118;33;10;26;416;38
492;492;;Hoole Daan;Trek - Segafredo;118;22nd February 1999;NetherlandsWe;.4;1.79;118;153;67;447;34;52
493;493;;Parisini Nicolò;Q36.5 Pro Cycling Team;118;25th April 2000;Italy;65;1.77;118;64;54;7;84;61
494;494;;Viviani Attilio;Team Corratec - Selle Italia;117;18th October 1996;Italy;69;1.76;117;120;70;0;582;42
495;495;;Charmig Anthon;Uno-X Pro Cycling Team;117;25th March 1998;Denmark;66;;117;55;466;43;8;313
496;501;+5;Currie Logan;Bolton Equities Black Spoke;117;24th June 2001;New Zealand;;1.78;116;15;110;136;10;40
497;496;-1;De Gendt Aimé;Intermarché - Circus - Wanty;116;17th June 1994;Belgium;75;1.83;116;902;508;117;376;330
498;497;-1;Guerin Alexis;Bingoal WB;116;6th June 1992;France;65;1.89;116;138;370;138;144;323
499;498;-1;Bernard Julien;Trek - Segafredo;116;17th March 1992;France;60;1.69;116;147;673;41;25;480
500;499;-1;Smit Willie;China Glory Continental Cycling Team;116;29th December 1992;South Africa;72;1.70;116;269;187;193;202;88
